Source,Target,Type,Weight,Distance,Avg_Pass_Distance,Progressive_Passes
Eiji Kawashima,Maya Yoshida,Directed,2,0.5,21.661909,1
Eiji Kawashima,Hiroki Sakai,Directed,3,0.3333333333333333,65.25038166666667,3
Eiji Kawashima,Yūya Ōsako,Directed,3,0.3333333333333333,75.48952333333334,3
Eiji Kawashima,Makoto Hasebe,Directed,1,1.0,12.0415945,1
Eiji Kawashima,Gen Shōji,Directed,3,0.3333333333333333,14.923682333333332,1
Eiji Kawashima,Yuto Nagatomo,Directed,1,1.0,26.476404,0
Maya Yoshida,Eiji Kawashima,Directed,6,0.16666666666666666,28.896992333333333,0
Maya Yoshida,Hiroki Sakai,Directed,8,0.125,25.824227125,6
Maya Yoshida,Yūya Ōsako,Directed,2,0.5,24.663811000000003,2
Maya Yoshida,Makoto Hasebe,Directed,4,0.25,14.213404124999999,1
Maya Yoshida,Gen Shōji,Directed,6,0.16666666666666666,20.646024,0
Maya Yoshida,Shinji Kagawa,Directed,2,0.5,34.406943,2
Maya Yoshida,Takashi Inui,Directed,2,0.5,53.42529,2
Maya Yoshida,Yuto Nagatomo,Directed,3,0.3333333333333333,44.275364333333336,0
Maya Yoshida,Gaku Shibasaki,Directed,3,0.3333333333333333,8.104842433333333,0
Hiroki Sakai,Eiji Kawashima,Directed,1,1.0,25.806976,0
Hiroki Sakai,Maya Yoshida,Directed,7,0.14285714285714285,17.685628457142858,0
Hiroki Sakai,Yūya Ōsako,Directed,2,0.5,26.249544,2
Hiroki Sakai,Makoto Hasebe,Directed,3,0.3333333333333333,16.504896666666667,0
Hiroki Sakai,Gen Shōji,Directed,1,1.0,56.920998,0
Hiroki Sakai,Shinji Kagawa,Directed,4,0.25,22.880566,2
Hiroki Sakai,Gaku Shibasaki,Directed,3,0.3333333333333333,12.656539666666667,0
Hiroki Sakai,Genki Haraguchi,Directed,6,0.16666666666666666,10.5071955,0
Yūya Ōsako,Hiroki Sakai,Directed,1,1.0,10.0,0
Yūya Ōsako,Makoto Hasebe,Directed,5,0.2,15.5278964,0
Yūya Ōsako,Shinji Kagawa,Directed,3,0.3333333333333333,9.97303,0
Yūya Ōsako,Takashi Inui,Directed,2,0.5,11.0,0
Yūya Ōsako,Gaku Shibasaki,Directed,1,1.0,15.264338,0
Yūya Ōsako,Genki Haraguchi,Directed,2,0.5,18.04971285,1
Makoto Hasebe,Eiji Kawashima,Directed,3,0.3333333333333333,26.384928333333335,0
Makoto Hasebe,Maya Yoshida,Directed,5,0.2,11.6404582,0
Makoto Hasebe,Hiroki Sakai,Directed,6,0.16666666666666666,34.281361,0
Makoto Hasebe,Yūya Ōsako,Directed,2,0.5,32.814035000000004,2
Makoto Hasebe,Gen Shōji,Directed,4,0.25,15.538040125,0
Makoto Hasebe,Shinji Kagawa,Directed,2,0.5,16.1743945,1
Makoto Hasebe,Takashi Inui,Directed,3,0.3333333333333333,15.804292333333331,2
Makoto Hasebe,Yuto Nagatomo,Directed,7,0.14285714285714285,21.834298285714286,1
Makoto Hasebe,Gaku Shibasaki,Directed,6,0.16666666666666666,13.8754335,1
Makoto Hasebe,Genki Haraguchi,Directed,1,1.0,10.770329,0
Gen Shōji,Eiji Kawashima,Directed,1,1.0,33.83785,0
Gen Shōji,Maya Yoshida,Directed,4,0.25,27.612008,0
Gen Shōji,Hiroki Sakai,Directed,1,1.0,59.03389,1
Gen Shōji,Makoto Hasebe,Directed,6,0.16666666666666666,11.178252166666667,0
Gen Shōji,Shinji Kagawa,Directed,3,0.3333333333333333,8.459709833333333,1
Gen Shōji,Takashi Inui,Directed,4,0.25,20.3512275,4
Gen Shōji,Yuto Nagatomo,Directed,4,0.25,24.04976725,3
Gen Shōji,Gaku Shibasaki,Directed,5,0.2,16.6635096,1
Shinji Kagawa,Hiroki Sakai,Directed,1,1.0,20.22375,1
Shinji Kagawa,Yūya Ōsako,Directed,3,0.3333333333333333,17.459686566666665,1
Shinji Kagawa,Makoto Hasebe,Directed,4,0.25,10.70351225,0
Shinji Kagawa,Gen Shōji,Directed,1,1.0,8.246211,0
Shinji Kagawa,Takashi Inui,Directed,12,0.08333333333333333,10.908831333333334,3
Shinji Kagawa,Yuto Nagatomo,Directed,5,0.2,20.3825965,0
Shinji Kagawa,Gaku Shibasaki,Directed,7,0.14285714285714285,13.248398357142857,1
Shinji Kagawa,Genki Haraguchi,Directed,3,0.3333333333333333,15.770769,0
Takashi Inui,Maya Yoshida,Directed,2,0.5,26.537729999999996,0
Takashi Inui,Hiroki Sakai,Directed,1,1.0,54.91812,0
Takashi Inui,Yūya Ōsako,Directed,1,1.0,15.811388,0
Takashi Inui,Makoto Hasebe,Directed,4,0.25,16.0887,0
Takashi Inui,Gen Shōji,Directed,3,0.3333333333333333,17.376681666666666,0
Takashi Inui,Shinji Kagawa,Directed,2,0.5,10.81733515,0
Takashi Inui,Yuto Nagatomo,Directed,6,0.16666666666666666,21.4649955,2
Takashi Inui,Gaku Shibasaki,Directed,5,0.2,15.4519206,2
Yuto Nagatomo,Yūya Ōsako,Directed,2,0.5,16.115773,2
Yuto Nagatomo,Makoto Hasebe,Directed,5,0.2,18.1620132,0
Yuto Nagatomo,Gen Shōji,Directed,7,0.14285714285714285,13.687154000000001,1
Yuto Nagatomo,Shinji Kagawa,Directed,5,0.2,10.6387686,0
Yuto Nagatomo,Takashi Inui,Directed,10,0.1,10.86344834,1
Yuto Nagatomo,Gaku Shibasaki,Directed,5,0.2,10.27556894,0
Gaku Shibasaki,Maya Yoshida,Directed,4,0.25,24.195023674999998,0
Gaku Shibasaki,Hiroki Sakai,Directed,3,0.3333333333333333,25.1007884,0
Gaku Shibasaki,Yūya Ōsako,Directed,3,0.3333333333333333,13.485957666666666,2
Gaku Shibasaki,Makoto Hasebe,Directed,3,0.3333333333333333,17.738718333333335,0
Gaku Shibasaki,Gen Shōji,Directed,4,0.25,25.254171,0
Gaku Shibasaki,Shinji Kagawa,Directed,6,0.16666666666666666,10.037897083333334,1
Gaku Shibasaki,Takashi Inui,Directed,5,0.2,30.3819734,2
Gaku Shibasaki,Yuto Nagatomo,Directed,6,0.16666666666666666,24.589507666666666,2
Gaku Shibasaki,Genki Haraguchi,Directed,7,0.14285714285714285,17.970924985714284,2
Genki Haraguchi,Maya Yoshida,Directed,2,0.5,23.089372,0
Genki Haraguchi,Hiroki Sakai,Directed,7,0.14285714285714285,12.147646499999999,1
Genki Haraguchi,Yūya Ōsako,Directed,1,1.0,13.038404,1
Genki Haraguchi,Makoto Hasebe,Directed,1,1.0,9.486833,0
Genki Haraguchi,Shinji Kagawa,Directed,4,0.25,15.8922601,3
Genki Haraguchi,Yuto Nagatomo,Directed,1,1.0,32.24903,0
Genki Haraguchi,Gaku Shibasaki,Directed,5,0.2,10.4636035,0
