Id,Label,Team,avg_x,avg_y,passes_made,passes_received
Grzegorz Krychowiak,Grzegorz Krychowiak,Poland,51.4,41.425,40,33
Łukasz Piszczek,Łukasz Piszczek,Poland,56.25,67.85,20,19
Piotr Zieliński,Piotr Zieliński,Poland,65.27272727272727,25.96969696969697,33,40
Thiago Rangel Cionek,Thiago Rangel Cionek,Poland,37.925,52.825,40,34
Jakub Błaszczykowski,Jakub Błaszczykowski,Poland,57.333333333333336,66.5,6,12
Arkadiusz Milik,Arkadiusz Milik,Poland,69.28571428571429,37.42857142857143,7,10
Kamil Grosicki,Kamil Grosicki,Poland,77.44444444444444,13.11111111111111,9,11
Robert Lewandowski,Robert Lewandowski,Poland,72.57142857142857,44.42857142857143,7,8
Wojciech Szczęsny,Wojciech Szczęsny,Poland,15.454545454545455,38.81818181818182,11,10
Michał Pazdan,Michał Pazdan,Poland,44.17777777777778,16.266666666666666,45,41
Maciej Rybus,Maciej Rybus,Poland,64.17647058823529,5.9411764705882355,17,17
